timestamp,temp_c
2026-08-20T15:20:04.420,29.0
2026-08-20T15:20:04.420,29.25
2026-08-20T15:20:04.420,29.25
2026-08-20T15:20:04.421,29.0
2026-08-20T15:20:04.421,29.25
2026-08-20T15:20:04.421,29.25
2026-08-20T15:20:04.421,29.0
2026-08-20T15:20:04.421,29.25
2026-08-20T15:20:04.422,29.25
2026-08-20T15:20:04.422,29.0
2026-08-20T15:20:04.422,46.0
2026-08-20T15:20:04.429,2.0
2026-08-20T15:20:04.431,1184.0
2026-08-20T15:20:04.434,13232.0
2026-08-20T15:20:04.435,3028.0
2026-08-20T15:20:04.706,29.0
2026-08-20T15:20:05.736,29.25
2026-08-20T15:20:06.768,29.25
2026-08-20T15:20:07.797,29.25
2026-08-20T15:20:08.827,29.25
2026-08-20T15:20:09.857,29.25
2026-08-20T15:20:10.887,29.25
2026-08-20T15:20:11.917,29.25
2026-08-20T15:20:12.947,29.25
2026-08-20T15:20:13.979,29.0
2026-08-20T15:20:15.007,29.25
2026-08-20T15:20:16.037,29.25
2026-08-20T15:20:17.067,29.25
2026-08-20T15:20:18.097,29.25
2026-08-20T15:20:19.127,29.25
2026-08-20T15:20:20.157,29.25
2026-08-20T15:20:21.189,29.25
2026-08-20T15:20:22.217,29.25
2026-08-20T15:20:23.247,29.25
2026-08-20T15:20:24.277,29.25
2026-08-20T15:20:25.307,29.25
2026-08-20T15:20:26.337,29.25
2026-08-20T15:20:27.365,29.25
2026-08-20T15:20:28.399,29.25
2026-08-20T15:20:29.427,29.0
2026-08-20T15:20:30.457,29.25
2026-08-20T15:20:31.487,29.0
2026-08-20T15:20:32.517,29.25
2026-08-20T15:20:33.548,29.25
2026-08-20T15:20:34.575,29.25
2026-08-20T15:20:35.609,29.25
2026-08-20T15:20:36.637,29.25
2026-08-20T15:20:37.668,29.25
2026-08-20T15:20:38.697,29.25
2026-08-20T15:20:39.727,29.25
2026-08-20T15:20:40.757,29.25
2026-08-20T15:20:41.785,29.0
2026-08-20T15:20:42.819,29.25
2026-08-20T15:20:43.848,29.25
2026-08-20T15:20:44.878,29.25
2026-08-20T15:20:45.908,29.25
2026-08-20T15:20:46.938,29.25
2026-08-20T15:20:47.968,29.25
2026-08-20T15:20:49.000,29.0
2026-08-20T15:20:50.028,29.25
2026-08-20T15:20:51.058,29.25
2026-08-20T15:20:52.088,29.0
2026-08-20T15:20:53.118,29.0
2026-08-20T15:20:54.148,29.25
2026-08-20T15:20:55.176,29.0
2026-08-20T15:20:56.210,29.25
2026-08-20T15:20:57.238,29.25
2026-08-20T15:20:58.268,29.25
2026-08-20T15:20:59.298,29.0
2026-08-20T15:21:00.328,29.0
2026-08-20T15:21:01.358,29.0
2026-08-20T15:21:02.390,29.0
2026-08-20T15:21:03.418,29.0
2026-08-20T15:21:04.448,29.0
2026-08-20T15:21:05.478,29.25
2026-08-20T15:21:06.508,29.25
2026-08-20T15:21:07.538,29.25
2026-08-20T15:21:08.566,29.25
2026-08-20T15:21:09.600,29.0
2026-08-20T15:21:10.628,29.0
2026-08-20T15:21:11.658,29.25
2026-08-20T15:21:12.688,29.0
2026-08-20T15:21:13.718,29.0
2026-08-20T15:21:14.748,29.25
2026-08-20T15:21:15.778,29.0
2026-08-20T15:21:16.810,29.25
2026-08-20T15:21:17.838,29.25
2026-08-20T15:21:18.869,29.0
2026-08-20T15:21:19.900,29.0
2026-08-20T15:21:20.930,29.25
2026-08-20T15:21:21.960,29.0
2026-08-20T15:21:22.990,29.0
2026-08-20T15:21:24.022,29.0
2026-08-20T15:21:25.050,29.0
2026-08-20T15:21:26.080,29.0
2026-08-20T15:21:27.110,29.0
2026-08-20T15:21:28.140,29.0
2026-08-20T15:21:29.170,29.0
2026-08-20T15:21:30.200,29.0
2026-08-20T15:21:31.232,29.0
2026-08-20T15:21:32.260,29.0
2026-08-20T15:21:33.290,29.0
2026-08-20T15:21:34.320,29.0
2026-08-20T15:21:35.350,29.0
2026-08-20T15:21:36.380,29.0
2026-08-20T15:21:37.410,29.0
2026-08-20T15:21:38.447,29.0
2026-08-20T15:21:39.470,29.0
2026-08-20T15:21:40.500,29.0
2026-08-20T15:21:41.530,29.0
2026-08-20T15:21:42.560,29.0
2026-08-20T15:21:43.590,29.25
2026-08-20T15:21:44.618,29.25
2026-08-20T15:21:45.652,29.0
2026-08-20T15:21:46.680,29.0
2026-08-20T15:21:47.710,29.0
2026-08-20T15:21:48.740,29.0
2026-08-20T15:21:49.770,29.0
2026-08-20T15:21:50.800,29.0
2026-08-20T15:21:51.830,29.0
2026-08-20T15:21:52.862,29.0
2026-08-20T15:21:53.890,29.0
2026-08-20T15:21:54.920,29.0
2026-08-20T15:21:55.950,29.0
2026-08-20T15:21:56.981,29.0
2026-08-20T15:21:58.010,29.0
2026-08-20T15:21:59.040,29.0
2026-08-20T15:22:00.072,29.0
2026-08-20T15:22:01.102,29.0
2026-08-20T15:22:02.131,29.0
2026-08-20T15:22:03.161,29.0
2026-08-20T15:22:04.191,29.0
2026-08-20T15:22:05.221,29.0
2026-08-20T15:22:06.251,29.0
2026-08-20T15:22:07.283,29.0
2026-08-20T15:22:08.311,29.0
2026-08-20T15:22:09.341,29.0
2026-08-20T15:22:10.371,29.0
2026-08-20T15:22:11.401,29.0
2026-08-20T15:22:12.431,29.0
2026-08-20T15:22:13.465,29.0
2026-08-20T15:22:14.493,29.0
2026-08-20T15:22:15.521,29.25
2026-08-20T15:22:16.551,29.0
2026-08-20T15:22:17.581,29.0
2026-08-20T15:22:18.611,29.0
2026-08-20T15:22:19.641,29.0
2026-08-20T15:22:20.669,29.0
2026-08-20T15:22:21.703,29.0
2026-08-20T15:22:22.731,29.0
2026-08-20T15:22:23.761,29.0
2026-08-20T15:22:24.791,29.0
2026-08-20T15:22:25.821,29.0
2026-08-20T15:22:26.851,29.0
2026-08-20T15:22:27.881,29.0
2026-08-20T15:22:28.913,29.0
2026-08-20T15:22:29.942,29.0
2026-08-20T15:22:30.971,29.0
2026-08-20T15:22:32.001,29.0
2026-08-20T15:22:33.031,29.0
2026-08-20T15:22:34.061,29.0
2026-08-20T15:22:35.089,29.0
2026-08-20T15:22:36.123,29.0
2026-08-20T15:22:37.152,29.0
2026-08-20T15:22:38.182,29.0
2026-08-20T15:22:39.212,29.0
2026-08-20T15:22:40.242,29.0
2026-08-20T15:22:41.272,29.0
2026-08-20T15:22:42.306,29.0
2026-08-20T15:22:43.334,29.0
2026-08-20T15:22:44.362,29.0
2026-08-20T15:22:45.392,29.0
2026-08-20T15:22:46.422,29.0
2026-08-20T15:22:47.452,29.0
2026-08-20T15:22:48.482,29.0
2026-08-20T15:22:49.510,29.0
2026-08-20T15:22:50.544,29.0
2026-08-20T15:22:51.572,29.0
2026-08-20T15:22:52.602,29.0
2026-08-20T15:22:53.632,29.0
2026-08-20T15:22:54.662,29.0
2026-08-20T15:22:55.692,29.0
2026-08-20T15:22:56.720,29.0
2026-08-20T15:22:57.755,29.0
2026-08-20T15:22:58.783,29.0
2026-08-20T15:22:59.813,29.0
2026-08-20T15:23:00.843,29.0
2026-08-20T15:23:01.873,29.0
2026-08-20T15:23:02.903,29.0
2026-08-20T15:23:03.933,29.0
2026-08-20T15:23:04.965,29.0
2026-08-20T15:23:05.993,29.0
2026-08-20T15:23:07.023,29.0
2026-08-20T15:23:08.053,29.0
2026-08-20T15:23:09.083,29.0
2026-08-20T15:23:10.113,29.0
2026-08-20T15:23:11.143,29.0
2026-08-20T15:23:12.175,29.0
2026-08-20T15:23:13.204,29.0
2026-08-20T15:23:14.234,29.0
2026-08-20T15:23:15.264,29.0
2026-08-20T15:23:16.294,29.0
2026-08-20T15:23:17.324,29.0
2026-08-20T15:23:18.354,29.0
2026-08-20T15:23:19.386,29.0
2026-08-20T15:23:20.414,29.0
2026-08-20T15:23:21.444,29.0
2026-08-20T15:23:22.474,29.0
2026-08-20T15:23:23.504,29.0
2026-08-20T15:23:24.534,29.0
2026-08-20T15:23:25.571,29.0
2026-08-20T15:23:26.596,29.0
2026-08-20T15:23:27.624,29.0
2026-08-20T15:23:28.654,29.0
2026-08-20T15:23:29.684,29.0
2026-08-20T15:23:30.714,29.0
2026-08-20T15:23:31.744,29.0
2026-08-20T15:23:32.776,29.0
2026-08-20T15:23:33.804,29.0
2026-08-20T15:23:34.834,29.0
2026-08-20T15:23:35.864,29.0
2026-08-20T15:23:36.894,29.0
2026-08-20T15:23:37.924,29.0
2026-08-20T15:23:38.954,29.0
2026-08-20T15:23:39.982,29.0
2026-08-20T15:23:41.016,29.0
2026-08-20T15:23:42.044,29.0
2026-08-20T15:23:43.074,29.0
2026-08-20T15:23:44.104,29.0
2026-08-20T15:23:45.134,29.0
2026-08-20T15:23:46.164,29.0
2026-08-20T15:23:47.201,29.0
2026-08-20T15:23:48.224,29.0
2026-08-20T15:23:49.254,29.0
2026-08-20T15:23:50.284,29.0
2026-08-20T15:23:51.314,29.0
2026-08-20T15:23:52.344,29.0
2026-08-20T15:23:53.375,29.0
2026-08-20T15:23:54.406,29.0
2026-08-20T15:23:55.435,29.0
2026-08-20T15:23:56.465,29.0
2026-08-20T15:23:57.495,29.0
2026-08-20T15:23:58.525,29.0
2026-08-20T15:23:59.555,29.0
2026-08-20T15:24:00.583,29.0
2026-08-20T15:24:01.617,29.0
2026-08-20T15:24:02.645,29.0
2026-08-20T15:24:03.675,29.0
2026-08-20T15:24:04.705,29.0
2026-08-20T15:24:05.735,29.0
2026-08-20T15:24:06.765,29.0
2026-08-20T15:24:07.793,29.0
2026-08-20T15:24:08.827,29.0
2026-08-20T15:24:09.855,29.0
2026-08-20T15:24:10.885,29.0
2026-08-20T15:24:11.915,29.0
2026-08-20T15:24:12.945,29.0
2026-08-20T15:24:13.975,29.0
2026-08-20T15:24:15.005,29.0
2026-08-20T15:24:16.037,29.0
2026-08-20T15:24:17.065,29.0
2026-08-20T15:24:18.095,29.0
2026-08-20T15:24:19.125,29.0
2026-08-20T15:24:20.155,29.0
2026-08-20T15:24:21.185,29.0
2026-08-20T15:24:22.215,29.0
2026-08-20T15:24:23.243,29.0
2026-08-20T15:24:24.277,29.0
2026-08-20T15:24:25.305,29.0
2026-08-20T15:24:26.336,29.0
2026-08-20T15:24:27.366,29.0
2026-08-20T15:24:28.395,29.0
2026-08-20T15:24:29.426,29.0
2026-08-20T15:24:30.455,29.0
2026-08-20T15:24:31.488,29.0
2026-08-20T15:24:32.517,29.0
2026-08-20T15:24:33.547,29.0
2026-08-20T15:24:34.577,29.0
2026-08-20T15:24:35.607,29.0
2026-08-20T15:24:36.637,29.0
2026-08-20T15:24:37.667,29.0
2026-08-20T15:24:38.699,29.0
2026-08-20T15:24:39.727,29.0
2026-08-20T15:24:40.757,29.0
2026-08-20T15:24:41.787,29.0
2026-08-20T15:24:42.817,29.0
2026-08-20T15:24:43.847,29.0
2026-08-20T15:24:44.875,29.0
2026-08-20T15:24:45.909,28.75
2026-08-20T15:24:46.937,29.0
2026-08-20T15:24:47.967,29.0
2026-08-20T15:24:48.997,29.0
2026-08-20T15:24:50.027,29.0
2026-08-20T15:24:51.057,29.0
2026-08-20T15:24:52.085,29.0
2026-08-20T15:24:53.119,29.0
2026-08-20T15:24:54.147,29.0
2026-08-20T15:24:55.177,29.0
2026-08-20T15:24:56.207,29.0
2026-08-20T15:24:57.237,29.0
2026-08-20T15:24:58.267,29.0
2026-08-20T15:24:59.297,29.0
2026-08-20T15:25:00.329,29.0
2026-08-20T15:25:01.358,29.0
2026-08-20T15:25:02.387,29.0
2026-08-20T15:25:03.417,29.0
2026-08-20T15:25:04.448,29.0
2026-08-20T15:25:05.477,29.0
2026-08-20T15:25:06.512,29.0
2026-08-20T15:25:07.539,29.0
2026-08-20T15:25:08.568,29.0
2026-08-20T15:25:09.598,29.0
2026-08-20T15:25:10.628,28.75
2026-08-20T15:25:11.658,29.0
2026-08-20T15:25:12.688,29.0
2026-08-20T15:25:13.716,29.0
2026-08-20T15:25:14.750,29.0
2026-08-20T15:25:15.778,29.0
2026-08-20T15:25:16.808,29.0
2026-08-20T15:25:17.838,29.0
2026-08-20T15:25:18.868,29.0
2026-08-20T15:25:19.898,28.75
2026-08-20T15:25:20.928,29.0
2026-08-20T15:25:21.960,29.0
2026-08-20T15:25:22.988,29.0
2026-08-20T15:25:24.018,29.0
2026-08-20T15:25:25.048,29.0
2026-08-20T15:25:26.078,29.0
2026-08-20T15:25:27.108,29.0
2026-08-20T15:25:28.138,29.0
2026-08-20T15:25:29.175,29.0
2026-08-20T15:25:30.198,29.0
2026-08-20T15:25:31.228,29.0
2026-08-20T15:25:32.258,29.0
2026-08-20T15:25:33.288,29.0
2026-08-20T15:25:34.318,29.0
2026-08-20T15:25:35.348,28.75
2026-08-20T15:25:36.376,29.0
2026-08-20T15:25:37.410,29.0
2026-08-20T15:25:38.440,29.0
2026-08-20T15:25:39.468,29.0
2026-08-20T15:25:40.498,28.75
2026-08-20T15:25:41.529,28.75
2026-08-20T15:25:42.558,29.0
2026-08-20T15:25:43.587,29.0
2026-08-20T15:25:44.620,29.0
2026-08-20T15:25:45.649,29.0
2026-08-20T15:25:46.679,29.0
2026-08-20T15:25:47.709,29.0
2026-08-20T15:25:48.738,29.0
2026-08-20T15:25:49.769,29.0
2026-08-20T15:25:50.799,28.75
2026-08-20T15:25:51.831,29.0
2026-08-20T15:25:52.859,29.0
2026-08-20T15:25:53.889,29.0
2026-08-20T15:25:54.919,29.0
2026-08-20T15:25:55.949,28.75
2026-08-20T15:25:56.979,29.0
2026-08-20T15:25:58.011,28.75
2026-08-20T15:25:59.039,28.75
2026-08-20T15:26:00.069,28.75
2026-08-20T15:26:01.099,28.75
2026-08-20T15:26:02.129,28.75
2026-08-20T15:26:03.159,28.75
2026-08-20T15:26:04.189,28.75
2026-08-20T15:26:05.221,28.75
2026-08-20T15:26:06.250,28.75
2026-08-20T15:26:07.280,28.75
2026-08-20T15:26:08.310,28.75
2026-08-20T15:26:09.340,28.75
2026-08-20T15:26:10.370,29.0
2026-08-20T15:26:11.400,28.75
2026-08-20T15:26:12.432,28.75
2026-08-20T15:26:13.460,28.75
2026-08-20T15:26:14.490,28.75
2026-08-20T15:26:15.520,28.75
2026-08-20T15:26:16.550,28.75
2026-08-20T15:26:17.580,28.75
2026-08-20T15:26:18.610,28.75
2026-08-20T15:26:19.642,28.75
2026-08-20T15:26:20.671,28.75
2026-08-20T15:26:21.700,28.75
2026-08-20T15:26:22.731,28.75
2026-08-20T15:26:23.761,28.75
2026-08-20T15:26:24.790,28.75
2026-08-20T15:26:25.818,28.75
2026-08-20T15:26:26.853,28.75
2026-08-20T15:26:27.881,28.75
2026-08-20T15:26:28.911,28.75
2026-08-20T15:26:29.941,28.75
2026-08-20T15:26:30.971,28.75
2026-08-20T15:26:32.001,28.75
2026-08-20T15:26:33.037,28.75
2026-08-20T15:26:34.063,28.75
2026-08-20T15:26:35.091,28.75
2026-08-20T15:26:36.121,28.75
2026-08-20T15:26:37.151,28.75
2026-08-20T15:26:38.181,28.75
2026-08-20T15:26:39.211,29.0
2026-08-20T15:26:40.243,29.0
2026-08-20T15:26:41.273,28.75
2026-08-20T15:26:42.301,28.75
2026-08-20T15:26:43.331,28.75
2026-08-20T15:26:44.361,29.0
2026-08-20T15:26:45.391,28.75
2026-08-20T15:26:46.421,28.75
2026-08-20T15:26:47.453,28.75
2026-08-20T15:26:48.481,28.75
2026-08-20T15:26:49.511,28.75
2026-08-20T15:26:50.541,28.75
2026-08-20T15:26:51.571,28.75
2026-08-20T15:26:52.601,28.75
2026-08-20T15:26:53.631,28.75
2026-08-20T15:26:54.663,28.75
2026-08-20T15:26:55.692,28.75
2026-08-20T15:26:56.722,28.75
2026-08-20T15:26:57.751,28.75
2026-08-20T15:26:58.781,28.75
2026-08-20T15:26:59.811,28.75
2026-08-20T15:27:00.843,28.75
2026-08-20T15:27:01.872,28.75
2026-08-20T15:27:02.901,28.75
2026-08-20T15:27:03.932,28.75
2026-08-20T15:27:04.962,28.75
2026-08-20T15:27:05.991,28.75
2026-08-20T15:27:07.028,28.75
2026-08-20T15:27:08.054,28.75
2026-08-20T15:27:09.082,28.75
2026-08-20T15:27:10.112,28.75
2026-08-20T15:27:11.142,28.75
2026-08-20T15:27:12.172,28.75
2026-08-20T15:27:13.202,28.75
2026-08-20T15:27:14.234,28.75
2026-08-20T15:27:15.262,28.75
2026-08-20T15:27:16.292,28.75
2026-08-20T15:27:17.322,28.75
2026-08-20T15:27:18.352,28.75
2026-08-20T15:27:19.382,28.75
2026-08-20T15:27:20.410,28.75
2026-08-20T15:27:21.444,28.75
2026-08-20T15:27:22.472,28.75
2026-08-20T15:27:23.502,28.75
2026-08-20T15:27:24.532,28.75
2026-08-20T15:27:25.562,28.75
2026-08-20T15:27:26.592,28.75
2026-08-20T15:27:27.628,28.75
2026-08-20T15:27:28.654,28.75
2026-08-20T15:27:29.682,28.75
2026-08-20T15:27:30.712,28.75
2026-08-20T15:27:31.742,28.75
2026-08-20T15:27:32.772,29.0
2026-08-20T15:27:33.802,29.25
2026-08-20T15:27:34.834,29.75
2026-08-20T15:27:35.862,30.0
2026-08-20T15:27:36.892,30.25
2026-08-20T15:27:37.923,30.5
2026-08-20T15:27:38.952,30.75
2026-08-20T15:27:39.983,31.0
2026-08-20T15:27:41.015,31.25
2026-08-20T15:27:42.043,31.5
2026-08-20T15:27:43.074,31.5
2026-08-20T15:27:44.104,31.75
2026-08-20T15:27:45.134,31.75
2026-08-20T15:27:46.164,32.0
2026-08-20T15:27:47.194,32.0
2026-08-20T15:27:48.226,32.25
2026-08-20T15:27:49.254,32.25
2026-08-20T15:27:50.284,32.5
2026-08-20T15:27:51.314,32.5
2026-08-20T15:27:52.344,32.5
2026-08-20T15:27:53.374,32.75
2026-08-20T15:27:54.406,32.75
2026-08-20T15:27:55.434,32.75
2026-08-20T15:27:56.464,33.0
2026-08-20T15:27:57.494,33.0
2026-08-20T15:27:58.524,33.0
2026-08-20T15:27:59.554,33.25
2026-08-20T15:28:00.588,33.25
2026-08-20T15:28:01.616,33.25
2026-08-20T15:28:02.644,33.25
2026-08-20T15:28:03.674,33.25
2026-08-20T15:28:04.704,33.25
2026-08-20T15:28:05.734,33.5
2026-08-20T15:28:06.764,33.5
2026-08-20T15:28:07.798,33.5
2026-08-20T15:28:08.826,33.5
2026-08-20T15:28:09.854,33.5
2026-08-20T15:28:10.884,33.75
2026-08-20T15:28:11.914,33.75
2026-08-20T15:28:12.944,33.75
2026-08-20T15:28:13.974,33.75
2026-08-20T15:28:15.004,33.75
2026-08-20T15:28:16.036,33.75
2026-08-20T15:28:17.065,33.75
2026-08-20T15:28:18.095,34.0
2026-08-20T15:28:19.124,34.0
2026-08-20T15:28:20.155,34.0
2026-08-20T15:28:21.185,34.0
2026-08-20T15:28:22.212,34.0
2026-08-20T15:28:23.247,34.0
2026-08-20T15:28:24.275,34.0
2026-08-20T15:28:25.305,34.0
2026-08-20T15:28:26.335,34.25
2026-08-20T15:28:27.365,34.25
2026-08-20T15:28:28.395,34.0
2026-08-20T15:28:29.423,34.25
2026-08-20T15:28:30.457,34.25
2026-08-20T15:28:31.485,34.25
2026-08-20T15:28:32.515,34.25
2026-08-20T15:28:33.545,34.25
2026-08-20T15:28:34.575,34.25
2026-08-20T15:28:35.605,34.25
2026-08-20T15:28:36.642,34.25
2026-08-20T15:28:37.665,34.25
2026-08-20T15:28:38.695,34.5
2026-08-20T15:28:39.725,34.5
2026-08-20T15:28:40.755,34.5
2026-08-20T15:28:41.785,34.5
2026-08-20T15:28:42.815,34.5
2026-08-20T15:28:43.847,34.5
2026-08-20T15:28:44.875,34.5
2026-08-20T15:28:45.905,34.5
2026-08-20T15:28:46.935,34.5
2026-08-20T15:28:47.965,34.5
2026-08-20T15:28:48.995,34.5
2026-08-20T15:28:50.025,34.5
2026-08-20T15:28:51.057,34.75
2026-08-20T15:28:52.085,34.5
2026-08-20T15:28:53.115,34.75
2026-08-20T15:28:54.146,34.75
2026-08-20T15:28:55.175,34.75
2026-08-20T15:28:56.205,34.75
2026-08-20T15:28:57.234,34.75
2026-08-20T15:28:58.267,34.75
2026-08-20T15:28:59.296,34.75
2026-08-20T15:29:00.326,34.75
2026-08-20T15:29:01.356,34.75
2026-08-20T15:29:02.386,34.75
2026-08-20T15:29:03.416,34.75
2026-08-20T15:29:04.453,34.75
2026-08-20T15:29:05.476,34.75
2026-08-20T15:29:06.506,34.75
2026-08-20T15:29:07.536,35.0
2026-08-20T15:29:08.566,35.0
2026-08-20T15:29:09.596,35.0
2026-08-20T15:29:10.624,35.0
2026-08-20T15:29:11.658,35.0
2026-08-20T15:29:12.687,35.0
2026-08-20T15:29:13.717,35.0
2026-08-20T15:29:14.747,35.0
2026-08-20T15:29:15.777,35.0
2026-08-20T15:29:16.808,35.0
2026-08-20T15:29:17.842,35.0
2026-08-20T15:29:18.869,35.0
2026-08-20T15:29:19.897,35.0
2026-08-20T15:29:20.927,35.0
2026-08-20T15:29:21.957,35.0
2026-08-20T15:29:22.987,35.0
2026-08-20T15:29:24.017,35.0
2026-08-20T15:29:25.049,35.0
2026-08-20T15:29:26.077,35.0
2026-08-20T15:29:27.108,35.25
2026-08-20T15:29:28.137,35.0
2026-08-20T15:29:29.167,35.25
2026-08-20T15:29:30.197,35.25
2026-08-20T15:29:31.227,35.25
2026-08-20T15:29:32.259,35.25
2026-08-20T15:29:33.288,35.25
2026-08-20T15:29:34.317,35.25
2026-08-20T15:29:35.347,35.25
2026-08-20T15:29:36.378,35.25
2026-08-20T15:29:37.408,35.25
2026-08-20T15:29:38.441,35.25
2026-08-20T15:29:39.469,35.25
2026-08-20T15:29:40.498,35.25
2026-08-20T15:29:41.528,35.25
2026-08-20T15:29:42.558,35.25
2026-08-20T15:29:43.588,35.25
2026-08-20T15:29:44.618,35.25
2026-08-20T15:29:45.654,35.25
2026-08-20T15:29:46.680,35.25
2026-08-20T15:29:47.708,35.25
2026-08-20T15:29:48.738,35.25
2026-08-20T15:29:49.768,35.25
2026-08-20T15:29:50.798,35.25
2026-08-20T15:29:51.828,35.25
2026-08-20T15:29:52.864,35.25
2026-08-20T15:29:53.888,35.5
2026-08-20T15:29:54.918,35.5
2026-08-20T15:29:55.948,35.25
2026-08-20T15:29:56.978,35.25
2026-08-20T15:29:58.008,35.25
2026-08-20T15:29:59.038,35.25
2026-08-20T15:30:00.070,35.5
2026-08-20T15:30:01.098,35.5
2026-08-20T15:30:02.128,35.5
2026-08-20T15:30:03.158,35.5
2026-08-20T15:30:04.188,35.5
2026-08-20T15:30:05.218,35.5
2026-08-20T15:30:06.248,35.5
2026-08-20T15:30:07.286,35.5
2026-08-20T15:30:08.308,35.5
2026-08-20T15:30:09.338,35.5
2026-08-20T15:30:10.369,35.5
2026-08-20T15:30:11.399,35.5
2026-08-20T15:30:12.428,35.5
2026-08-20T15:30:13.458,35.5
2026-08-20T15:30:14.491,35.5
2026-08-20T15:30:15.519,35.5
2026-08-20T15:30:16.549,35.5
2026-08-20T15:30:17.579,35.5
2026-08-20T15:30:18.609,35.5
2026-08-20T15:30:19.639,35.5
2026-08-20T15:30:20.671,35.5
2026-08-20T15:30:21.699,35.5
2026-08-20T15:30:22.729,35.5
2026-08-20T15:30:23.759,35.5
2026-08-20T15:30:24.789,35.5
2026-08-20T15:30:25.819,35.5
2026-08-20T15:30:26.847,35.5
2026-08-20T15:30:27.881,35.75
2026-08-20T15:30:28.909,35.75
2026-08-20T15:30:29.939,35.5
2026-08-20T15:30:30.969,35.5
2026-08-20T15:30:31.999,35.75
2026-08-20T15:30:33.029,35.5
2026-08-20T15:30:34.064,35.75
2026-08-20T15:30:35.091,35.75
2026-08-20T15:30:36.119,35.75
2026-08-20T15:30:37.149,35.75
2026-08-20T15:30:38.179,35.75
2026-08-20T15:30:39.209,35.75
2026-08-20T15:30:40.239,35.75
2026-08-20T15:30:41.271,35.75
2026-08-20T15:30:42.301,35.5
2026-08-20T15:30:43.329,35.5
2026-08-20T15:30:44.360,35.5
2026-08-20T15:30:45.390,35.5
2026-08-20T15:30:46.421,35.5
2026-08-20T15:30:47.455,35.5
2026-08-20T15:30:48.482,35.25
2026-08-20T15:30:49.511,35.25
2026-08-20T15:30:50.541,35.25
2026-08-20T15:30:51.571,35.25
2026-08-20T15:30:52.601,35.25
2026-08-20T15:30:53.631,35.0
2026-08-20T15:30:54.659,35.0
2026-08-20T15:30:55.693,35.0
2026-08-20T15:30:56.721,35.0
2026-08-20T15:30:57.751,35.0
2026-08-20T15:30:58.781,35.0
2026-08-20T15:30:59.811,34.75
2026-08-20T15:31:00.841,34.75
2026-08-20T15:31:01.871,34.75
2026-08-20T15:31:02.903,34.75
2026-08-20T15:31:03.931,34.75
2026-08-20T15:31:04.961,34.5
2026-08-20T15:31:05.991,34.5
2026-08-20T15:31:07.021,34.5
2026-08-20T15:31:08.051,34.5
2026-08-20T15:31:09.081,34.5
2026-08-20T15:31:10.113,34.5
2026-08-20T15:31:11.141,34.25
2026-08-20T15:31:12.171,34.25
2026-08-20T15:31:13.201,34.25
2026-08-20T15:31:14.231,34.25
2026-08-20T15:31:15.261,34.25
2026-08-20T15:31:16.289,34.25
2026-08-20T15:31:17.323,34.25
2026-08-20T15:31:18.351,34.0
2026-08-20T15:31:19.381,34.0
2026-08-20T15:31:20.411,34.0
2026-08-20T15:31:21.442,34.0
2026-08-20T15:31:22.471,34.0
2026-08-20T15:31:23.501,34.0
2026-08-20T15:31:24.533,34.0
2026-08-20T15:31:25.561,33.75
2026-08-20T15:31:26.591,33.75
2026-08-20T15:31:27.621,33.75
2026-08-20T15:31:28.652,33.75
2026-08-20T15:31:29.681,33.75
2026-08-20T15:31:30.711,33.75
2026-08-20T15:31:31.743,33.75
2026-08-20T15:31:32.772,33.75
2026-08-20T15:31:33.802,33.5
2026-08-20T15:31:34.832,33.5
2026-08-20T15:31:35.862,33.5
2026-08-20T15:31:36.892,33.5
2026-08-20T15:31:37.922,33.5
2026-08-20T15:31:38.954,33.5
2026-08-20T15:31:39.982,33.5
2026-08-20T15:31:41.012,33.25
2026-08-20T15:31:42.042,33.25
2026-08-20T15:31:43.072,33.25
2026-08-20T15:31:44.102,33.25
2026-08-20T15:31:45.130,33.25
2026-08-20T15:31:46.164,33.25
2026-08-20T15:31:47.192,33.25
2026-08-20T15:31:48.222,33.25
2026-08-20T15:31:49.252,33.0
2026-08-20T15:31:50.282,33.0
2026-08-20T15:31:51.312,33.0
2026-08-20T15:31:52.350,33.0
2026-08-20T15:31:53.372,33.0
2026-08-20T15:31:54.402,33.0
2026-08-20T15:31:55.432,33.0
2026-08-20T15:31:56.462,33.0
2026-08-20T15:31:57.492,33.0
2026-08-20T15:31:58.520,32.75
2026-08-20T15:31:59.554,32.75
2026-08-20T15:32:00.582,32.75
2026-08-20T15:32:01.612,32.75
2026-08-20T15:32:02.642,32.75
2026-08-20T15:32:03.672,32.75
2026-08-20T15:32:04.702,32.75
2026-08-20T15:32:05.734,32.75
2026-08-20T15:32:06.763,32.5
2026-08-20T15:32:07.793,32.5
2026-08-20T15:32:08.823,32.5
2026-08-20T15:32:09.853,32.75
2026-08-20T15:32:10.883,32.5
2026-08-20T15:32:11.918,32.5
2026-08-20T15:32:12.944,32.5
2026-08-20T15:32:13.973,32.5
2026-08-20T15:32:15.003,32.5
2026-08-20T15:32:16.034,32.5
2026-08-20T15:32:17.064,32.5
2026-08-20T15:32:18.094,32.5
2026-08-20T15:32:19.126,32.5
2026-08-20T15:32:20.154,32.25
2026-08-20T15:32:21.184,32.5
2026-08-20T15:32:22.214,32.25
2026-08-20T15:32:23.244,32.25
2026-08-20T15:32:24.274,32.25
2026-08-20T15:32:25.304,32.25
2026-08-20T15:32:26.342,32.25
2026-08-20T15:32:27.366,32.25
2026-08-20T15:32:28.394,32.25
2026-08-20T15:32:29.424,32.25
2026-08-20T15:32:30.454,32.25
2026-08-20T15:32:31.484,32.0
2026-08-20T15:32:32.512,32.25
2026-08-20T15:32:33.546,32.0
2026-08-20T15:32:34.574,32.0
2026-08-20T15:32:35.604,32.0
2026-08-20T15:32:36.634,32.0
2026-08-20T15:32:37.664,32.0
2026-08-20T15:32:38.694,32.0
2026-08-20T15:32:39.728,32.0
2026-08-20T15:32:40.756,32.0
2026-08-20T15:32:41.785,32.0
2026-08-20T15:32:42.814,31.75
2026-08-20T15:32:43.844,32.0
2026-08-20T15:32:44.875,31.75
2026-08-20T15:32:45.905,31.75
2026-08-20T15:32:46.936,31.75
2026-08-20T15:32:47.965,31.75
2026-08-20T15:32:48.995,31.75
2026-08-20T15:32:50.025,31.75
2026-08-20T15:32:51.055,31.75
2026-08-20T15:32:52.085,31.75
2026-08-20T15:32:53.113,31.75
2026-08-20T15:32:54.147,31.75
2026-08-20T15:32:55.175,31.75
2026-08-20T15:32:56.205,31.5
2026-08-20T15:32:57.235,31.75
2026-08-20T15:32:58.265,31.5
2026-08-20T15:32:59.295,31.5
2026-08-20T15:33:00.323,31.5
2026-08-20T15:33:01.357,31.5
2026-08-20T15:33:02.385,31.5
2026-08-20T15:33:03.415,31.5
2026-08-20T15:33:04.445,31.5
2026-08-20T15:33:05.475,31.5
2026-08-20T15:33:06.505,31.5
2026-08-20T15:33:07.533,31.5
2026-08-20T15:33:08.567,31.5
2026-08-20T15:33:09.595,31.5
2026-08-20T15:33:10.625,31.5
2026-08-20T15:33:11.656,31.5
2026-08-20T15:33:12.685,31.25
2026-08-20T15:33:13.715,31.25
2026-08-20T15:33:14.743,31.25
2026-08-20T15:33:15.777,31.25
2026-08-20T15:33:16.805,31.25
2026-08-20T15:33:17.836,31.25
2026-08-20T15:33:18.865,31.25
2026-08-20T15:33:19.895,31.25
2026-08-20T15:33:20.926,31.25
2026-08-20T15:33:21.963,31.25
2026-08-20T15:33:22.987,31.25
2026-08-20T15:33:24.016,31.25
2026-08-20T15:33:25.046,31.25
2026-08-20T15:33:26.076,31.25
2026-08-20T15:33:27.106,31.0
2026-08-20T15:33:28.136,31.25
2026-08-20T15:33:29.168,31.0
2026-08-20T15:33:30.198,31.0
2026-08-20T15:33:31.226,31.0
2026-08-20T15:33:32.256,31.0
2026-08-20T15:33:33.286,31.0
2026-08-20T15:33:34.316,31.0
2026-08-20T15:33:35.346,31.0
2026-08-20T15:33:36.378,31.0
2026-08-20T15:33:37.408,31.0
2026-08-20T15:33:38.436,31.0
2026-08-20T15:33:39.466,31.0
2026-08-20T15:33:40.496,31.0
2026-08-20T15:33:41.526,31.0
2026-08-20T15:33:42.556,31.0
2026-08-20T15:33:43.588,31.0
2026-08-20T15:33:44.616,31.0
2026-08-20T15:33:45.646,31.0
2026-08-20T15:33:46.677,30.75
2026-08-20T15:33:47.707,31.0
2026-08-20T15:33:48.737,30.75
2026-08-20T15:33:49.767,30.75
2026-08-20T15:33:50.799,31.0
2026-08-20T15:33:51.827,30.75
2026-08-20T15:33:52.858,30.75
2026-08-20T15:33:53.887,30.75
2026-08-20T15:33:54.917,30.75
2026-08-20T15:33:55.947,30.75
2026-08-20T15:33:56.983,30.75
2026-08-20T15:33:58.009,30.75
2026-08-20T15:33:59.038,30.75
2026-08-20T15:34:00.067,30.75
2026-08-20T15:34:01.097,30.75
2026-08-20T15:34:02.128,30.75
2026-08-20T15:34:03.158,30.75
2026-08-20T15:34:04.187,30.75
2026-08-20T15:34:05.217,30.75
2026-08-20T15:34:06.245,30.75
2026-08-20T15:34:07.282,30.75
2026-08-20T15:34:08.310,30.5
2026-08-20T15:34:09.338,30.5
2026-08-20T15:34:10.368,30.5
2026-08-20T15:34:11.398,30.5
2026-08-20T15:34:12.428,30.75
2026-08-20T15:34:13.458,30.5
2026-08-20T15:34:14.488,30.5
2026-08-20T15:34:15.518,30.5
2026-08-20T15:34:16.552,30.5
2026-08-20T15:34:17.580,30.5
2026-08-20T15:34:18.608,30.5
2026-08-20T15:34:19.638,30.5
2026-08-20T15:34:20.668,30.5
2026-08-20T15:34:21.698,30.5
2026-08-20T15:34:22.728,30.5
2026-08-20T15:34:23.758,30.5
2026-08-20T15:34:24.790,30.5
2026-08-20T15:34:25.818,30.5
2026-08-20T15:34:26.848,30.5
2026-08-20T15:34:27.878,30.5
2026-08-20T15:34:28.908,30.5
2026-08-20T15:34:29.938,30.5
2026-08-20T15:34:30.968,30.5
2026-08-20T15:34:31.998,30.25
2026-08-20T15:34:33.028,30.5
2026-08-20T15:34:34.063,30.25
2026-08-20T15:34:35.090,30.25
2026-08-20T15:34:36.118,30.25
2026-08-20T15:34:37.148,30.25
2026-08-20T15:34:38.179,30.25
2026-08-20T15:34:39.209,30.25
2026-08-20T15:34:40.239,30.25
2026-08-20T15:34:41.269,30.25
2026-08-20T15:34:42.299,30.25
2026-08-20T15:34:43.330,30.25
2026-08-20T15:34:44.359,30.25
2026-08-20T15:34:45.389,30.25
2026-08-20T15:34:46.419,30.25
2026-08-20T15:34:47.449,30.25
2026-08-20T15:34:48.479,30.25
2026-08-20T15:34:49.509,30.25
2026-08-20T15:34:50.541,30.25
2026-08-20T15:34:51.569,30.25
2026-08-20T15:34:52.599,30.25
2026-08-20T15:34:53.629,30.25
2026-08-20T15:34:54.659,30.25
2026-08-20T15:34:55.689,30.25
2026-08-20T15:34:56.719,30.25
2026-08-20T15:34:57.749,30.25
2026-08-20T15:34:58.779,30.25
2026-08-20T15:34:59.811,30.25
2026-08-20T15:35:00.839,30.25
2026-08-20T15:35:01.869,30.0
2026-08-20T15:35:02.899,30.25
2026-08-20T15:35:03.929,30.0
2026-08-20T15:35:04.959,30.0
2026-08-20T15:35:05.987,30.0
2026-08-20T15:35:07.024,30.25
2026-08-20T15:35:08.051,30.0
2026-08-20T15:35:09.079,30.0
2026-08-20T15:35:10.109,30.0
2026-08-20T15:35:11.139,30.0
2026-08-20T15:35:12.169,30.0
2026-08-20T15:35:13.197,30.0
2026-08-20T15:35:14.231,30.0
2026-08-20T15:35:15.260,30.0
2026-08-20T15:35:16.289,30.0
2026-08-20T15:35:17.319,30.0
2026-08-20T15:35:18.350,30.0
2026-08-20T15:35:19.379,30.0
2026-08-20T15:35:20.411,30.0
2026-08-20T15:35:21.447,30.0
2026-08-20T15:35:22.471,30.0
2026-08-20T15:35:23.501,30.0
2026-08-20T15:35:24.531,30.0
2026-08-20T15:35:25.561,30.0
2026-08-20T15:35:26.591,30.0
2026-08-20T15:35:27.621,30.0
2026-08-20T15:35:28.651,30.0
2026-08-20T15:35:29.681,30.0
2026-08-20T15:35:30.716,30.0
2026-08-20T15:35:31.743,30.0
2026-08-20T15:35:32.771,30.0
2026-08-20T15:35:33.801,30.0
2026-08-20T15:35:34.831,30.0
2026-08-20T15:35:35.861,30.0
2026-08-20T15:35:36.891,30.0
2026-08-20T15:35:37.921,29.75
2026-08-20T15:35:38.955,29.75
2026-08-20T15:35:39.983,29.75
2026-08-20T15:35:41.011,29.75
2026-08-20T15:35:42.041,29.75
2026-08-20T15:35:43.071,29.75
2026-08-20T15:35:44.101,29.75
2026-08-20T15:35:45.132,29.75
2026-08-20T15:35:46.161,29.75
2026-08-20T15:35:47.193,29.75
2026-08-20T15:35:48.221,29.75
2026-08-20T15:35:49.251,29.75
2026-08-20T15:35:50.281,29.75
2026-08-20T15:35:51.311,29.75
2026-08-20T15:35:52.341,29.75
2026-08-20T15:35:53.369,29.75
2026-08-20T15:35:54.403,29.75
2026-08-20T15:35:55.432,29.75
2026-08-20T15:35:56.462,29.75
2026-08-20T15:35:57.492,29.75
2026-08-20T15:35:58.522,29.75
2026-08-20T15:35:59.551,29.75
2026-08-20T15:36:00.582,29.75
2026-08-20T15:36:01.614,29.75
2026-08-20T15:36:02.642,29.75
2026-08-20T15:36:03.672,29.75
2026-08-20T15:36:04.702,29.75
2026-08-20T15:36:05.732,29.75
2026-08-20T15:36:06.762,29.75
2026-08-20T15:36:07.790,29.75
2026-08-20T15:36:08.824,29.75
2026-08-20T15:36:09.852,29.75
2026-08-20T15:36:10.882,29.75
2026-08-20T15:36:11.912,29.75
2026-08-20T15:36:12.942,29.75
2026-08-20T15:36:13.972,29.5
2026-08-20T15:36:15.000,29.5
2026-08-20T15:36:16.034,29.75
2026-08-20T15:36:17.062,29.5
2026-08-20T15:36:18.092,29.5
2026-08-20T15:36:19.122,29.5
2026-08-20T15:36:20.152,29.5
2026-08-20T15:36:21.182,29.5
2026-08-20T15:36:22.210,29.5
2026-08-20T15:36:23.244,29.5
2026-08-20T15:36:24.272,29.5
2026-08-20T15:36:25.302,29.5
2026-08-20T15:36:26.332,29.5
2026-08-20T15:36:27.362,29.5
2026-08-20T15:36:28.392,29.5
2026-08-20T15:36:29.429,29.5
2026-08-20T15:36:30.452,29.5
2026-08-20T15:36:31.482,29.5
2026-08-20T15:36:32.512,29.5
2026-08-20T15:36:33.543,29.5
2026-08-20T15:36:34.573,29.5
2026-08-20T15:36:35.603,29.5
2026-08-20T15:36:36.633,29.5
2026-08-20T15:36:37.661,29.5
2026-08-20T15:36:38.694,29.5
2026-08-20T15:36:39.724,29.5
2026-08-20T15:36:40.753,29.5
2026-08-20T15:36:41.783,29.5
2026-08-20T15:36:42.813,29.5
2026-08-20T15:36:43.843,29.5
2026-08-20T15:36:44.873,29.5
2026-08-20T15:36:45.903,29.5
2026-08-20T15:36:46.933,29.5
2026-08-20T15:36:47.963,29.5
2026-08-20T15:36:48.998,29.5
2026-08-20T15:36:50.025,29.5
2026-08-20T15:36:51.053,29.5
2026-08-20T15:36:52.084,29.5
2026-08-20T15:36:53.114,29.5
2026-08-20T15:36:54.144,29.5
2026-08-20T15:36:55.174,29.5
2026-08-20T15:36:56.206,29.5
2026-08-20T15:36:57.234,29.5
2026-08-20T15:36:58.264,29.5
2026-08-20T15:36:59.294,29.5
2026-08-20T15:37:00.324,29.5
2026-08-20T15:37:01.354,29.5
2026-08-20T15:37:02.391,29.5
2026-08-20T15:37:03.416,29.5
2026-08-20T15:37:04.444,29.5
2026-08-20T15:37:05.474,29.5
2026-08-20T15:37:06.504,29.5
2026-08-20T15:37:07.534,29.5
2026-08-20T15:37:08.565,29.5
2026-08-20T15:37:09.596,29.5
2026-08-20T15:37:10.624,29.5
2026-08-20T15:37:11.655,29.5
2026-08-20T15:37:12.685,29.5
2026-08-20T15:37:13.715,29.5
2026-08-20T15:37:14.745,29.5
2026-08-20T15:37:15.773,29.5
2026-08-20T15:37:16.806,29.5
2026-08-20T15:37:17.835,29.5
2026-08-20T15:37:18.865,29.25
2026-08-20T15:37:19.895,29.25
2026-08-20T15:37:20.925,29.25
2026-08-20T15:37:21.955,29.25
2026-08-20T15:37:22.983,29.5
2026-08-20T15:37:24.017,29.25
2026-08-20T15:37:25.045,29.25
2026-08-20T15:37:26.075,29.25
2026-08-20T15:37:27.105,29.25
2026-08-20T15:37:28.135,29.25
2026-08-20T15:37:29.165,29.25
2026-08-20T15:37:30.197,29.25
2026-08-20T15:37:31.225,29.25
2026-08-20T15:37:32.255,29.25
2026-08-20T15:37:33.285,29.25
2026-08-20T15:37:34.315,29.25
2026-08-20T15:37:35.345,29.25
2026-08-20T15:37:36.373,29.25
2026-08-20T15:37:37.407,29.25
2026-08-20T15:37:38.435,29.25
2026-08-20T15:37:39.465,29.25
2026-08-20T15:37:40.495,29.25
2026-08-20T15:37:41.525,29.25
2026-08-20T15:37:42.555,29.25
2026-08-20T15:37:43.591,29.25
2026-08-20T15:37:44.617,29.25
2026-08-20T15:37:45.645,29.25
2026-08-20T15:37:46.675,29.25
2026-08-20T15:37:47.705,29.25
2026-08-20T15:37:48.736,29.25
2026-08-20T15:37:49.765,29.25
2026-08-20T15:37:50.802,29.25
2026-08-20T15:37:51.826,29.25
2026-08-20T15:37:52.856,29.25
2026-08-20T15:37:53.886,29.25
2026-08-20T15:37:54.916,29.25
2026-08-20T15:37:55.946,29.25
2026-08-20T15:37:56.981,29.25
2026-08-20T15:37:58.008,29.25
2026-08-20T15:37:59.036,29.25
2026-08-20T15:38:00.066,29.25
2026-08-20T15:38:01.096,29.25
2026-08-20T15:38:02.126,29.25
2026-08-20T15:38:03.156,29.25
2026-08-20T15:38:04.194,29.25
2026-08-20T15:38:05.216,29.25
2026-08-20T15:38:06.246,29.25
2026-08-20T15:38:07.276,29.25
2026-08-20T15:38:08.306,29.25
2026-08-20T15:38:09.336,29.25
2026-08-20T15:38:10.364,29.25
2026-08-20T15:38:11.398,29.25
2026-08-20T15:38:12.426,29.25
2026-08-20T15:38:13.456,29.25
2026-08-20T15:38:14.486,29.25
2026-08-20T15:38:15.516,29.25
2026-08-20T15:38:16.546,29.25
2026-08-20T15:38:17.581,29.25
2026-08-20T15:38:18.608,29.25
2026-08-20T15:38:19.636,29.25
2026-08-20T15:38:20.666,29.25
2026-08-20T15:38:21.696,29.25
2026-08-20T15:38:22.727,29.25
2026-08-20T15:38:23.756,29.25
2026-08-20T15:38:24.792,29.25
2026-08-20T15:38:25.819,29.25
2026-08-20T15:38:26.847,29.25
2026-08-20T15:38:27.878,29.25
2026-08-20T15:38:28.908,29.25
2026-08-20T15:38:29.938,29.25
2026-08-20T15:38:30.968,29.25
2026-08-20T15:38:31.999,29.25
2026-08-20T15:38:33.028,29.25
2026-08-20T15:38:34.058,29.25
2026-08-20T15:38:35.088,29.25
2026-08-20T15:38:36.118,29.25
2026-08-20T15:38:37.148,29.25
2026-08-20T15:38:38.180,29.25
2026-08-20T15:38:39.208,29.25
2026-08-20T15:38:40.238,29.25
2026-08-20T15:38:41.268,29.25
2026-08-20T15:38:42.298,29.25
2026-08-20T15:38:43.326,29.25
2026-08-20T15:38:44.360,29.25
2026-08-20T15:38:45.388,29.25
2026-08-20T15:38:46.418,29.25
2026-08-20T15:38:47.448,29.25
2026-08-20T15:38:48.478,29.25
2026-08-20T15:38:49.506,29.0
2026-08-20T15:38:50.540,29.25
2026-08-20T15:38:51.568,29.25
2026-08-20T15:38:52.598,29.25
2026-08-20T15:38:53.628,29.25
2026-08-20T15:38:54.658,29.25
2026-08-20T15:38:55.688,29.25
2026-08-20T15:38:56.720,29.25
2026-08-20T15:38:57.748,29.25
2026-08-20T15:38:58.778,29.25
2026-08-20T15:38:59.808,29.25
2026-08-20T15:39:00.838,29.25
2026-08-20T15:39:01.868,29.0
2026-08-20T15:39:02.904,29.0
2026-08-20T15:39:03.929,29.25
2026-08-20T15:39:04.958,29.25
2026-08-20T15:39:05.988,29.25
2026-08-20T15:39:07.018,29.0
2026-08-20T15:39:08.048,29.25
2026-08-20T15:39:09.079,29.25
2026-08-20T15:39:10.110,29.25
2026-08-20T15:39:11.139,29.25
2026-08-20T15:39:12.169,29.25
2026-08-20T15:39:13.199,29.0
2026-08-20T15:39:14.229,29.25
2026-08-20T15:39:15.257,29.0
2026-08-20T15:39:16.289,29.0
2026-08-20T15:39:17.319,29.0
2026-08-20T15:39:18.349,29.25
2026-08-20T15:39:19.379,29.0
2026-08-20T15:39:20.407,29.0
2026-08-20T15:39:21.441,29.0
2026-08-20T15:39:22.469,29.0
2026-08-20T15:39:23.499,29.25
2026-08-20T15:39:24.529,29.25
2026-08-20T15:39:25.559,29.25
2026-08-20T15:39:26.591,29.0
2026-08-20T15:39:27.619,29.25
2026-08-20T15:39:28.649,29.25
2026-08-20T15:39:29.679,29.0
2026-08-20T15:39:30.710,29.0
2026-08-20T15:39:31.739,29.0
2026-08-20T15:39:32.771,29.0
2026-08-20T15:39:33.799,29.0
2026-08-20T15:39:34.829,29.0
2026-08-20T15:39:35.859,29.0
2026-08-20T15:39:36.889,29.0
2026-08-20T15:39:37.917,29.0
2026-08-20T15:39:38.951,29.0
2026-08-20T15:39:39.979,29.25
2026-08-20T15:39:41.009,29.25
2026-08-20T15:39:42.040,29.0
2026-08-20T15:39:43.069,29.0
2026-08-20T15:39:44.099,29.25
2026-08-20T15:39:45.131,29.0
2026-08-20T15:39:46.160,29.25
2026-08-20T15:39:47.190,29.0
2026-08-20T15:39:48.220,29.0
2026-08-20T15:39:49.250,29.0
2026-08-20T15:39:50.280,29.0
2026-08-20T15:39:51.308,29.0
2026-08-20T15:39:52.342,29.0
2026-08-20T15:39:53.370,29.0
2026-08-20T15:39:54.400,29.0
2026-08-20T15:39:55.430,29.0
2026-08-20T15:39:56.460,29.0
2026-08-20T15:39:57.488,29.0
2026-08-20T15:39:58.523,29.0
2026-08-20T15:39:59.551,29.0
2026-08-20T15:40:00.581,29.0
2026-08-20T15:40:01.608,29.0
2026-08-20T15:40:02.643,29.0
2026-08-20T15:40:03.671,29.0
2026-08-20T15:40:04.701,29.0
2026-08-20T15:40:05.731,29.0
2026-08-20T15:40:06.761,29.0
2026-08-20T15:40:07.791,29.0
2026-08-20T15:40:08.821,29.0
2026-08-20T15:40:09.858,29.0
2026-08-20T15:40:10.883,29.0
2026-08-20T15:40:11.912,29.0
2026-08-20T15:40:12.941,29.0
2026-08-20T15:40:13.971,29.0
2026-08-20T15:40:15.001,29.0
2026-08-20T15:40:16.037,29.0
2026-08-20T15:40:17.063,29.0
2026-08-20T15:40:18.091,29.0
2026-08-20T15:40:19.122,29.0
2026-08-20T15:40:20.151,29.0
2026-08-20T15:40:21.181,29.0
2026-08-20T15:40:22.211,29.0
2026-08-20T15:40:23.248,29.0
2026-08-20T15:40:24.272,29.0
2026-08-20T15:40:25.302,29.0
2026-08-20T15:40:26.332,29.0
2026-08-20T15:40:27.362,29.0
2026-08-20T15:40:28.392,29.0
2026-08-20T15:40:29.422,29.0
2026-08-20T15:40:30.454,29.0
2026-08-20T15:40:31.482,29.0
2026-08-20T15:40:32.512,29.0
2026-08-20T15:40:33.542,29.0
2026-08-20T15:40:34.572,29.0
2026-08-20T15:40:35.602,29.0
2026-08-20T15:40:36.637,29.0
2026-08-20T15:40:37.664,29.0
2026-08-20T15:40:38.692,29.0
2026-08-20T15:40:39.722,29.0
2026-08-20T15:40:40.752,29.0
2026-08-20T15:40:41.782,29.0
2026-08-20T15:40:42.812,29.0
2026-08-20T15:40:43.844,29.0
2026-08-20T15:40:44.872,29.0
2026-08-20T15:40:45.902,29.0
2026-08-20T15:40:46.932,29.0
2026-08-20T15:40:47.962,29.0
2026-08-20T15:40:48.992,29.0
2026-08-20T15:40:50.020,29.0
2026-08-20T15:40:51.054,29.0
2026-08-20T15:40:52.082,29.0
2026-08-20T15:40:53.112,29.0
2026-08-20T15:40:54.142,29.0
2026-08-20T15:40:55.172,29.0
2026-08-20T15:40:56.202,29.0
2026-08-20T15:40:57.230,29.0
2026-08-20T15:40:58.264,29.0
2026-08-20T15:40:59.293,29.0
2026-08-20T15:41:00.323,29.0
2026-08-20T15:41:01.353,29.0
2026-08-20T15:41:02.383,29.0
2026-08-20T15:41:03.413,29.0
2026-08-20T15:41:04.440,29.0
2026-08-20T15:41:05.474,29.0
2026-08-20T15:41:06.503,29.0
2026-08-20T15:41:07.533,29.0
2026-08-20T15:41:08.563,29.0
2026-08-20T15:41:09.593,29.0
2026-08-20T15:41:10.623,29.0
2026-08-20T15:41:11.659,29.0
2026-08-20T15:41:12.685,29.0
2026-08-20T15:41:13.713,29.0
2026-08-20T15:41:14.743,29.0
2026-08-20T15:41:15.773,29.0
2026-08-20T15:41:16.803,29.0
2026-08-20T15:41:17.833,29.0
2026-08-20T15:41:18.865,29.0
2026-08-20T15:41:19.893,29.0
2026-08-20T15:41:20.923,29.0
2026-08-20T15:41:21.953,29.0
2026-08-20T15:41:22.983,29.0
2026-08-20T15:41:24.013,29.0
2026-08-20T15:41:25.043,29.0
2026-08-20T15:41:26.071,29.0
2026-08-20T15:41:27.105,29.0
2026-08-20T15:41:28.133,29.0
2026-08-20T15:41:29.163,29.0
2026-08-20T15:41:30.194,29.0
2026-08-20T15:41:31.224,29.0
2026-08-20T15:41:32.254,29.0
2026-08-20T15:41:33.281,29.0
2026-08-20T15:41:34.317,29.0
2026-08-20T15:41:35.344,29.0
2026-08-20T15:41:36.374,29.0
2026-08-20T15:41:37.405,29.0
2026-08-20T15:41:38.435,29.0
2026-08-20T15:41:39.465,29.0
2026-08-20T15:41:40.492,29.0
2026-08-20T15:41:41.526,29.0
2026-08-20T15:41:42.555,29.0
2026-08-20T15:41:43.585,29.0
2026-08-20T15:41:44.615,29.0
2026-08-20T15:41:45.645,29.0
2026-08-20T15:41:46.675,29.0
2026-08-20T15:41:47.705,29.0
2026-08-20T15:41:48.737,29.0
2026-08-20T15:41:49.765,29.0
2026-08-20T15:41:50.795,29.0
2026-08-20T15:41:51.825,29.0
2026-08-20T15:41:52.855,29.0
2026-08-20T15:41:53.885,29.0
2026-08-20T15:41:54.915,29.0
2026-08-20T15:41:55.949,29.0
2026-08-20T15:41:56.977,29.0
2026-08-20T15:41:58.005,29.0
2026-08-20T15:41:59.035,29.0
2026-08-20T15:42:00.065,29.0
2026-08-20T15:42:01.095,29.0
2026-08-20T15:42:02.125,29.0
2026-08-20T15:42:03.153,29.0
2026-08-20T15:42:04.187,29.0
2026-08-20T15:42:05.215,29.0
2026-08-20T15:42:06.245,29.0
2026-08-20T15:42:07.275,29.0
2026-08-20T15:42:08.305,29.0
2026-08-20T15:42:09.335,29.0
2026-08-20T15:42:10.363,29.0
2026-08-20T15:42:11.397,29.0
2026-08-20T15:42:12.425,29.0
2026-08-20T15:42:13.455,29.0
2026-08-20T15:42:14.486,29.0
2026-08-20T15:42:15.515,29.0
2026-08-20T15:42:16.545,29.0
2026-08-20T15:42:17.577,29.0
2026-08-20T15:42:18.606,29.0
2026-08-20T15:42:19.636,29.0
2026-08-20T15:42:20.666,29.0
2026-08-20T15:42:21.696,29.0
2026-08-20T15:42:22.726,29.0
2026-08-20T15:42:23.754,29.0
2026-08-20T15:42:24.788,29.0
2026-08-20T15:42:25.816,29.0
2026-08-20T15:42:26.846,29.0
2026-08-20T15:42:27.876,29.0
2026-08-20T15:42:28.906,29.0
2026-08-20T15:42:29.936,29.0
2026-08-20T15:42:30.966,29.0
2026-08-20T15:42:31.998,29.0
2026-08-20T15:42:33.026,29.0
2026-08-20T15:42:34.056,29.0
2026-08-20T15:42:35.086,29.0
2026-08-20T15:42:36.116,29.0
2026-08-20T15:42:37.146,29.0
2026-08-20T15:42:38.174,29.0
2026-08-20T15:42:39.208,29.0
2026-08-20T15:42:40.236,29.0
2026-08-20T15:42:41.266,29.0
2026-08-20T15:42:42.296,29.0
2026-08-20T15:42:43.326,29.0
2026-08-20T15:42:44.356,29.0
2026-08-20T15:42:45.386,29.0
2026-08-20T15:42:46.418,29.0
2026-08-20T15:42:47.446,29.0
2026-08-20T15:42:48.476,29.0
2026-08-20T15:42:49.506,29.0
2026-08-20T15:42:50.536,29.0
2026-08-20T15:42:51.567,29.0
2026-08-20T15:42:52.594,29.0
2026-08-20T15:42:53.628,29.0
2026-08-20T15:42:54.657,29.0
2026-08-20T15:42:55.687,29.0
2026-08-20T15:42:56.717,29.0
2026-08-20T15:42:57.747,29.0
2026-08-20T15:42:58.777,29.0
2026-08-20T15:42:59.814,29.0
2026-08-20T15:43:00.839,29.0
2026-08-20T15:43:01.867,29.0
2026-08-20T15:43:02.898,29.0
2026-08-20T15:43:03.928,29.0
2026-08-20T15:43:04.958,29.0
2026-08-20T15:43:05.988,29.0
2026-08-20T15:43:07.020,29.0
2026-08-20T15:43:08.048,29.0
2026-08-20T15:43:09.078,29.0
2026-08-20T15:43:10.108,29.0
2026-08-20T15:43:11.138,29.0
2026-08-20T15:43:12.168,29.0
2026-08-20T15:43:13.196,29.0
2026-08-20T15:43:14.230,29.0
2026-08-20T15:43:15.258,29.0
2026-08-20T15:43:16.288,29.0
2026-08-20T15:43:17.318,29.0
2026-08-20T15:43:18.348,29.0
2026-08-20T15:43:19.378,29.0
2026-08-20T15:43:20.406,29.0
2026-08-20T15:43:21.440,29.0
2026-08-20T15:43:22.468,29.0
2026-08-20T15:43:23.498,29.0
2026-08-20T15:43:24.528,29.0
2026-08-20T15:43:25.558,29.0
2026-08-20T15:43:26.588,29.0
2026-08-20T15:43:27.616,29.0
2026-08-20T15:43:28.650,29.0
2026-08-20T15:43:29.678,29.0
2026-08-20T15:43:30.708,29.0
2026-08-20T15:43:31.738,29.0
2026-08-20T15:43:32.770,29.0
2026-08-20T15:43:33.798,29.0
2026-08-20T15:43:34.832,29.0
2026-08-20T15:43:35.860,29.0
2026-08-20T15:43:36.889,29.0
2026-08-20T15:43:37.919,29.0
2026-08-20T15:43:38.949,29.0
2026-08-20T15:43:39.979,29.0
2026-08-20T15:43:41.009,29.0
2026-08-20T15:43:42.041,29.0
2026-08-20T15:43:43.071,29.0
2026-08-20T15:43:44.099,29.0
2026-08-20T15:43:45.129,29.0
2026-08-20T15:43:46.159,29.0
2026-08-20T15:43:47.189,29.0
2026-08-20T15:43:48.219,29.0
2026-08-20T15:43:49.251,29.0
2026-08-20T15:43:50.279,29.0
2026-08-20T15:43:51.309,29.0
2026-08-20T15:43:52.339,29.0
2026-08-20T15:43:53.369,29.0
2026-08-20T15:43:54.399,29.0
2026-08-20T15:43:55.434,29.0
2026-08-20T15:43:56.461,29.0
2026-08-20T15:43:57.489,29.0
2026-08-20T15:43:58.519,29.0
2026-08-20T15:43:59.550,29.0
2026-08-20T15:44:00.579,29.0
2026-08-20T15:44:01.609,29.0
2026-08-20T15:44:02.639,29.0
2026-08-20T15:44:03.671,29.0
2026-08-20T15:44:04.699,29.0
2026-08-20T15:44:05.729,29.0
2026-08-20T15:44:06.759,29.0
2026-08-20T15:44:07.789,29.0
2026-08-20T15:44:08.819,29.0
2026-08-20T15:44:09.847,29.0
2026-08-20T15:44:10.881,29.0
2026-08-20T15:44:11.910,29.0
2026-08-20T15:44:12.940,29.0
2026-08-20T15:44:13.969,29.0
2026-08-20T15:44:15.000,29.0
2026-08-20T15:44:16.030,29.0
2026-08-20T15:44:17.062,29.0
2026-08-20T15:44:18.090,29.0
2026-08-20T15:44:19.120,29.0
2026-08-20T15:44:20.150,29.0
2026-08-20T15:44:21.180,29.0
2026-08-20T15:44:22.210,29.0
2026-08-20T15:44:23.237,29.0
2026-08-20T15:44:24.272,29.0
2026-08-20T15:44:25.300,29.0
2026-08-20T15:44:26.330,29.0
2026-08-20T15:44:27.360,29.0
2026-08-20T15:44:28.390,29.0
2026-08-20T15:44:29.418,29.0
2026-08-20T15:44:30.452,29.0
2026-08-20T15:44:31.480,29.0
2026-08-20T15:44:32.510,29.0
2026-08-20T15:44:33.540,29.0
2026-08-20T15:44:34.571,29.0
2026-08-20T15:44:35.601,29.0
2026-08-20T15:44:36.633,29.0
2026-08-20T15:44:37.661,29.0
2026-08-20T15:44:38.691,29.0
2026-08-20T15:44:39.721,29.0
2026-08-20T15:44:40.751,29.0
2026-08-20T15:44:41.781,29.0
2026-08-20T15:44:42.808,29.0
2026-08-20T15:44:43.843,29.0
2026-08-20T15:44:44.872,29.0
2026-08-20T15:44:45.902,29.0
2026-08-20T15:44:46.931,29.0
2026-08-20T15:44:47.961,29.0
2026-08-20T15:44:48.992,29.0
2026-08-20T15:44:50.019,29.0
2026-08-20T15:44:51.053,29.0
2026-08-20T15:44:52.082,29.0
2026-08-20T15:44:53.112,29.0
2026-08-20T15:44:54.142,29.0
2026-08-20T15:44:55.172,29.0
2026-08-20T15:44:56.202,29.0
2026-08-20T15:44:57.236,29.0
2026-08-20T15:44:58.264,29.0
2026-08-20T15:44:59.292,29.0
2026-08-20T15:45:00.322,29.0
2026-08-20T15:45:01.352,29.0
2026-08-20T15:45:02.382,29.0
2026-08-20T15:45:03.412,29.0
2026-08-20T15:45:04.444,29.0
2026-08-20T15:45:05.472,29.0
2026-08-20T15:45:06.502,29.0
2026-08-20T15:45:07.532,29.0
2026-08-20T15:45:08.562,29.0
2026-08-20T15:45:09.592,29.0
2026-08-20T15:45:10.620,29.0
2026-08-20T15:45:11.654,29.0
2026-08-20T15:45:12.682,29.0
2026-08-20T15:45:13.712,29.0
2026-08-20T15:45:14.742,29.0
2026-08-20T15:45:15.772,29.0
2026-08-20T15:45:16.802,29.0
2026-08-20T15:45:17.832,29.0
2026-08-20T15:45:18.864,29.0
2026-08-20T15:45:19.892,29.0
2026-08-20T15:45:20.922,29.0
2026-08-20T15:45:21.953,29.0
2026-08-20T15:45:22.983,29.0
2026-08-20T15:45:24.012,29.0
